<DATE>	<TIME>	<OPEN>	<HIGH>	<LOW>	<CLOSE>
2025.01.01	00:00:00	93863.40	93863.40	93332.40	93458.60
2025.01.01	01:00:00	93461.20	93714.60	93344.10	93536.20
2025.01.01	02:00:00	93536.20	94436.60	93447.70	94340.70
2025.01.01	03:00:00	94347.10	94350.50	93532.50	93575.40
2025.01.01	04:00:00	93572.40	94069.80	93549.30	94051.90
2025.01.01	05:00:00	94056.60	94056.60	93687.40	93797.50
2025.01.01	06:00:00	93790.70	93790.70	93492.40	93532.40
2025.01.01	07:00:00	93527.60	93902.10	93507.80	93747.40
2025.01.01	08:00:00	93732.90	93737.30	93520.80	93721.70
2025.01.01	09:00:00	93719.30	93772.80	93615.20	93648.20
2025.01.01	10:00:00	93654.60	93721.50	93251.50	93385.60
2025.01.01	11:00:00	93387.50	93450.30	92847.00	93369.50
2025.01.01	12:00:00	93370.60	93497.40	93237.60	93295.20
2025.01.01	13:00:00	93298.30	93675.60	93147.50	93407.60
2025.01.01	14:00:00	93411.70	93871.70	93362.60	93775.80
2025.01.01	15:00:00	93774.50	94020.40	93558.20	93983.40
2025.01.01	16:00:00	93982.80	94417.40	93610.70	94134.60
2025.01.01	17:00:00	94136.40	94474.70	93849.70	94401.10
2025.01.01	18:00:00	94397.40	94462.30	93887.50	94057.50
2025.01.01	19:00:00	94060.10	94167.40	93717.10	94111.10
2025.01.01	20:00:00	94114.80	94362.50	93906.10	94309.00
2025.01.01	21:00:00	94307.80	94805.90	94117.20	94601.40
2025.01.01	22:00:00	94599.60	94837.40	94549.20	94754.70
2025.01.01	23:00:00	94752.60	95145.00	94650.20	94949.90
2025.01.02	00:00:00	94949.10	94973.00	94653.40	94758.00
2025.01.02	01:00:00	94756.90	94926.50	94510.60	94567.60
2025.01.02	02:00:00	94568.40	95356.40	94349.10	95099.70
2025.01.02	03:00:00	95096.00	95504.60	94686.20	94834.20
2025.01.02	04:00:00	94838.70	95201.70	94774.30	95201.70
2025.01.02	05:00:00	95218.20	95276.90	94887.50	94987.50
2025.01.02	06:00:00	94989.50	96006.20	94958.80	95686.10
2025.01.02	07:00:00	95686.30	95781.10	95371.00	95575.30
2025.01.02	08:00:00	95575.00	95678.20	95349.50	95556.50
2025.01.02	09:00:00	95560.20	95867.00	95482.00	95800.90
2025.01.02	10:00:00	95803.40	96191.60	95604.10	96112.70
2025.01.02	11:00:00	96110.40	96787.40	95999.50	96718.40
2025.01.02	12:00:00	96709.30	96781.30	96502.40	96681.40
2025.01.02	13:00:00	96686.40	96850.80	96425.90	96702.90
2025.01.02	14:00:00	96710.10	96875.50	96562.70	96817.40
2025.01.02	15:00:00	96821.00	96939.50	96391.50	96413.50
2025.01.02	16:00:00	96417.40	97397.40	95900.10	97227.60
2025.01.02	17:00:00	97215.80	97277.60	96107.20	96422.70
2025.01.02	18:00:00	96417.20	97632.80	96007.50	97186.50
2025.01.02	19:00:00	97182.90	97587.50	96291.60	96721.80
2025.01.02	20:00:00	96730.80	97325.40	96361.10	97272.70
2025.01.02	21:00:00	97272.70	97747.40	97153.60	97274.20
2025.01.02	22:00:00	97280.40	97800.50	97237.50	97256.00
2025.01.02	23:00:00	97249.60	97311.70	97000.10	97167.50
2025.01.03	00:00:00	97165.20	97165.20	96630.70	96851.20
2025.01.03	01:00:00	96845.70	97043.60	96739.10	96955.00
2025.01.03	02:00:00	96955.00	97032.40	96747.50	96787.40
2025.01.03	03:00:00	96784.10	96975.40	96609.50	96948.00
2025.01.03	04:00:00	96954.30	97312.20	96813.00	96924.60
2025.01.03	05:00:00	96929.20	97053.20	96776.60	97006.50
2025.01.03	06:00:00	97012.20	97013.80	96709.40	96760.80
2025.01.03	07:00:00	96766.70	96821.30	96542.50	96712.20
2025.01.03	08:00:00	96707.50	96872.00	96452.95	96492.20
2025.01.03	09:00:00	96495.00	96602.10	96224.50	96262.50
2025.01.03	10:00:00	96262.60	96484.40	96055.50	96078.00
2025.01.03	11:00:00	96069.40	96656.80	96049.00	96499.70
2025.01.03	12:00:00	96495.50	96597.30	96353.50	96431.30
2025.01.03	13:00:00	96436.00	96775.40	96431.30	96697.90
2025.01.03	14:00:00	96700.20	96873.50	96605.60	96605.60
2025.01.03	15:00:00	96599.50	96785.00	96417.90	96451.50
2025.01.03	16:00:00	96451.70	97298.40	96451.70	96956.80
2025.01.03	17:00:00	96960.60	97617.70	96694.80	97467.00
2025.01.03	18:00:00	97473.40	98407.40	97341.10	97809.80
2025.01.03	19:00:00	97811.10	98247.20	97776.50	97971.20
2025.01.03	20:00:00	97989.40	98652.40	97943.90	98471.20
2025.01.03	21:00:00	98461.40	98936.40	98439.40	98533.00
2025.01.03	22:00:00	98526.80	98688.00	98236.00	98256.90
2025.01.03	23:00:00	98264.20	98370.60	98132.40	98210.10
2025.01.04	00:00:00	98218.20	98468.50	98187.50	98246.20
2025.01.04	01:00:00	98250.40	98328.40	98016.00	98133.20
2025.01.04	02:00:00	98133.20	98239.80	97815.60	97899.50
2025.01.04	03:00:00	97904.90	98048.70	97750.80	97977.80
2025.01.04	04:00:00	97985.30	98260.00	97798.80	98254.90
2025.01.04	05:00:00	98252.50	98252.50	97987.60	98136.80
2025.01.04	06:00:00	98133.90	98133.90	97817.50	97951.10
2025.01.04	07:00:00	97961.20	98149.80	97937.50	98074.80
2025.01.04	08:00:00	98079.20	98164.10	97990.70	98086.30
2025.01.04	09:00:00	98078.00	98287.40	98050.30	98231.60
2025.01.04	10:00:00	98231.70	98266.70	97849.40	97857.40
2025.01.04	11:00:00	97855.10	97937.40	97483.65	97631.70
2025.01.04	12:00:00	97629.20	97798.40	97532.30	97727.40
2025.01.04	13:00:00	97727.40	97862.40	97647.20	97825.50
2025.01.04	14:00:00	97823.70	97959.40	97738.90	97822.60
2025.01.04	15:00:00	97825.30	98017.50	97685.80	97911.80
2025.01.04	16:00:00	97921.00	98032.80	97764.50	97979.40
2025.01.04	17:00:00	97983.60	98103.00	97472.50	97611.00
2025.01.04	18:00:00	97605.40	97808.90	97523.20	97664.10
2025.01.04	19:00:00	97665.90	98005.40	97632.60	97970.00
2025.01.04	20:00:00	97970.10	98093.40	97857.40	97919.30
2025.01.04	21:00:00	97924.50	98301.60	97878.60	98104.20
2025.01.04	22:00:00	98109.40	98632.50	98109.40	98564.90
2025.01.04	23:00:00	98569.60	98747.70	98287.50	98323.20
2025.01.05	00:00:00	98326.20	98448.50	98219.50	98359.90
2025.01.05	01:00:00	98355.00	98377.50	98075.70	98155.90
2025.01.05	02:00:00	98160.60	98337.20	98096.70	98165.80
2025.01.05	03:00:00	98167.70	98275.10	97988.60	98074.10
2025.01.05	04:00:00	98074.20	98182.90	98057.50	98182.90
2025.01.05	05:00:00	98174.40	98187.40	98017.50	98147.50
2025.01.05	06:00:00	98149.80	98476.40	98149.80	98302.20
2025.01.05	07:00:00	98310.40	98460.60	98213.30	98294.80
2025.01.05	08:00:00	98298.60	98449.50	98237.50	98400.40
2025.01.05	09:00:00	98400.30	98417.20	98213.50	98213.50
2025.01.05	10:00:00	98196.60	98196.60	97702.30	97813.40
2025.01.05	11:00:00	97807.20	97888.80	97583.50	97607.40
2025.01.05	12:00:00	97618.00	97727.20	97525.80	97681.20
2025.01.05	13:00:00	97674.40	97787.40	97557.10	97596.90
2025.01.05	14:00:00	97597.00	97907.40	97508.10	97707.50
2025.01.05	15:00:00	97705.40	97975.40	97622.50	97642.00
2025.01.05	16:00:00	97654.90	97914.50	97214.50	97802.40
2025.01.05	17:00:00	97789.80	98232.90	97641.10	97974.50
2025.01.05	18:00:00	97969.20	98284.60	97875.50	97983.10
2025.01.05	19:00:00	97976.80	98026.10	97606.70	97679.70
2025.01.05	20:00:00	97682.40	97881.00	97517.50	97859.50
2025.01.05	21:00:00	97860.70	98075.40	97792.40	98036.40
2025.01.05	22:00:00	98042.10	98662.30	97974.80	98232.30
2025.01.05	23:00:00	98228.50	98484.20	98173.50	98457.40
2025.01.06	00:00:00	98463.50	98729.50	98305.00	98648.60
2025.01.06	01:00:00	98645.50	98811.50	98272.00	98327.70
2025.01.06	02:00:00	98327.70	98742.50	98137.50	98172.80
2025.01.06	03:00:00	98178.40	98787.40	97862.70	98723.10
2025.01.06	04:00:00	98723.20	99265.40	98594.90	98774.10
2025.01.06	05:00:00	98770.60	99201.90	98710.50	98987.50
2025.01.06	06:00:00	99000.20	99451.90	99000.20	99410.50
2025.01.06	07:00:00	99405.70	99868.40	99341.70	99547.40
2025.01.06	08:00:00	99551.30	99730.00	99363.40	99456.70
2025.01.06	09:00:00	99454.10	99489.80	99117.50	99257.30
2025.01.06	10:00:00	99320.90	99585.00	98928.40	98988.70
2025.01.06	11:00:00	98988.90	99208.40	98886.80	98955.80
2025.01.06	12:00:00	98962.60	99019.10	98652.50	98728.90
2025.01.06	13:00:00	98736.90	99369.50	98662.40	99206.70
2025.01.06	14:00:00	99206.80	99667.40	99091.70	99107.20
2025.01.06	15:00:00	99115.40	99517.70	98850.90	99439.90
2025.01.06	16:00:00	99447.90	101236.10	98657.50	100696.30
2025.01.06	17:00:00	100696.30	102430.20	100419.60	102084.20
2025.01.06	18:00:00	102092.00	102431.40	101687.60	102109.50
2025.01.06	19:00:00	102098.40	102098.40	101211.60	101782.70
2025.01.06	20:00:00	101773.30	102007.40	101508.00	101689.10
2025.01.06	21:00:00	101693.30	101981.40	101578.30	101760.50
2025.01.06	22:00:00	101751.90	102275.40	101744.50	102062.90
2025.01.06	23:00:00	102067.40	102286.20	101538.70	101554.00
2025.01.07	00:00:00	101563.30	102034.80	101549.00	101953.40
2025.01.07	01:00:00	101952.20	102186.50	101839.60	102170.60
2025.01.07	02:00:00	102167.90	102682.95	101877.80	101992.10
2025.01.07	03:00:00	101987.40	102015.60	101634.50	101861.40
2025.01.07	04:00:00	101867.40	101964.90	101596.00	101615.20
2025.01.07	05:00:00	101620.30	101772.50	101458.50	101648.80
2025.01.07	06:00:00	101647.30	101872.40	101598.20	101598.20
2025.01.07	07:00:00	101599.60	101736.40	101521.40	101688.90
2025.01.07	08:00:00	101683.20	101845.30	101583.90	101758.50
2025.01.07	09:00:00	101753.50	101973.50	101588.40	101636.70
2025.01.07	10:00:00	101642.30	101958.60	101567.50	101849.50
2025.01.07	11:00:00	101852.50	101876.10	101587.60	101670.10
2025.01.07	12:00:00	101665.50	101665.50	101325.50	101354.30
2025.01.07	13:00:00	101354.20	101418.20	100422.90	100774.10
2025.01.07	14:00:00	100777.60	100893.60	100567.50	100699.80
2025.01.07	15:00:00	100707.60	100901.60	100545.90	100577.50
2025.01.07	16:00:00	100578.90	100802.80	99708.70	99925.80
2025.01.07	17:00:00	99932.80	100101.90	97099.05	97902.80
2025.01.07	18:00:00	97909.90	98295.30	97538.10	97693.80
2025.01.07	19:00:00	97708.10	97759.90	96537.30	97233.40
2025.01.07	20:00:00	97234.20	97502.10	96567.50	96719.30
2025.01.07	21:00:00	96721.40	97150.60	96286.95	96420.60
2025.01.07	22:00:00	96418.30	96835.10	96154.60	96492.20
2025.01.07	23:00:00	96476.60	97053.00	96350.20	96467.80
2025.01.08	00:00:00	96460.50	97173.20	96366.60	97116.30
2025.01.08	01:00:00	97112.50	97120.30	96746.20	96907.70
2025.01.08	02:00:00	96907.70	97229.60	96657.70	97217.50
2025.01.08	03:00:00	97211.30	97211.30	96558.50	96854.50
2025.01.08	04:00:00	96859.30	97128.40	96723.90	96817.20
2025.01.08	05:00:00	96815.60	96817.40	96187.70	96491.60
2025.01.08	06:00:00	96491.60	96587.40	96057.65	96236.30
2025.01.08	07:00:00	96239.10	96601.00	96057.30	96442.10
2025.01.08	08:00:00	96448.20	96592.50	95226.60	95250.50
2025.01.08	09:00:00	95252.90	95778.50	95213.50	95614.10
2025.01.08	10:00:00	95611.40	96087.40	95487.50	95902.30
2025.01.08	11:00:00	95896.00	96058.30	95357.20	95388.40
2025.01.08	12:00:00	95392.20	95950.80	95392.20	95903.50
2025.01.08	13:00:00	95908.30	96003.20	94485.50	95081.30
2025.01.08	14:00:00	95081.20	95322.50	94796.00	94837.10
2025.01.08	15:00:00	94839.60	95615.10	94839.60	95331.00
2025.01.08	16:00:00	95322.70	95821.00	94841.70	95239.80
2025.01.08	17:00:00	95237.80	96038.40	94576.40	95434.50
2025.01.08	18:00:00	95434.50	95434.50	94500.70	94727.30
2025.01.08	19:00:00	94726.70	94800.40	92487.60	93962.30
2025.01.08	20:00:00	93961.40	95067.30	93713.00	94203.40
2025.01.08	21:00:00	94193.50	94802.50	93990.20	94208.40
2025.01.08	22:00:00	94199.70	94363.60	93700.80	93927.50
2025.01.08	23:00:00	93936.80	94537.00	93561.00	94410.30
2025.01.09	00:00:00	94409.50	95235.40	94401.50	95235.30
2025.01.09	01:00:00	95244.30	95253.20	94839.60	95012.20
2025.01.09	02:00:00	95001.50	95105.70	94754.10	95098.50
2025.01.09	03:00:00	95103.20	95346.10	94924.80	94940.80
2025.01.09	04:00:00	94944.90	94998.40	93399.60	94731.30
2025.01.09	05:00:00	94738.50	94755.20	93965.50	93972.50
2025.01.09	06:00:00	93967.50	94433.80	93752.40	94360.70
2025.01.09	07:00:00	94354.90	94517.40	94214.30	94416.40
2025.01.09	08:00:00	94420.90	94569.40	93992.30	94048.40
2025.01.09	09:00:00	94039.00	94261.00	93143.70	93163.90
2025.01.09	10:00:00	93164.30	93351.80	92687.50	92969.10
2025.01.09	11:00:00	92979.70	93687.40	92914.10	93462.50
2025.01.09	12:00:00	93463.70	93613.30	92967.50	93412.40
2025.01.09	13:00:00	93408.40	93820.20	93156.10	93401.80
2025.01.09	14:00:00	93401.90	93632.40	93096.80	93369.30
2025.01.09	15:00:00	93360.60	93437.70	91823.70	91914.30
2025.01.09	16:00:00	91909.00	92847.40	91734.50	92804.90
2025.01.09	17:00:00	92798.40	94531.20	92596.60	94182.60
2025.01.09	18:00:00	94182.50	94625.50	93791.60	94197.70
2025.01.09	19:00:00	94200.60	94234.40	92262.50	92644.00
2025.01.09	20:00:00	92650.60	93192.10	92353.50	92974.30
2025.01.09	21:00:00	92972.30	93246.80	91840.50	91845.40
2025.01.09	22:00:00	91846.60	92324.30	91127.50	91828.20
2025.01.09	23:00:00	91844.20	92437.50	91737.50	92053.50
2025.01.10	00:00:00	92048.80	92660.60	91583.50	92400.20
2025.01.10	01:00:00	92408.30	92630.40	91988.00	92493.40
2025.01.10	02:00:00	92493.40	92802.40	92401.60	92713.30
2025.01.10	03:00:00	92708.10	93108.30	92532.90	93043.60
2025.01.10	04:00:00	93037.90	93630.40	92966.30	93303.30
2025.01.10	05:00:00	93306.30	93666.40	93250.00	93642.40
2025.01.10	06:00:00	93642.40	93849.10	93438.30	93780.30
2025.01.10	07:00:00	93782.60	94191.90	93581.00	93912.30
2025.01.10	08:00:00	93917.40	94272.30	93677.80	94195.10
2025.01.10	09:00:00	94196.60	94948.30	94013.30	94449.20
2025.01.10	10:00:00	94444.40	94709.80	94332.00	94619.90
2025.01.10	11:00:00	94615.50	94915.20	94515.50	94722.40
2025.01.10	12:00:00	94731.30	95227.30	94693.80	95147.50
2025.01.10	13:00:00	95146.60	95189.90	94560.10	95017.90
2025.01.10	14:00:00	95023.40	95064.70	94647.50	94967.40
2025.01.10	15:00:00	94966.00	94979.40	92692.20	93516.60
2025.01.10	16:00:00	93509.50	94624.40	93365.10	94065.60
2025.01.10	17:00:00	94047.50	94483.10	92161.10	93694.20
2025.01.10	18:00:00	93689.30	93977.60	93141.50	93593.00
2025.01.10	19:00:00	93609.60	95792.35	93276.20	95741.90
2025.01.10	20:00:00	95733.10	95733.10	94530.10	94808.30
2025.01.10	21:00:00	94814.30	95335.00	94335.40	95263.40
2025.01.10	22:00:00	95256.10	95399.70	94523.50	94626.80
2025.01.10	23:00:00	94620.30	94869.10	94552.60	94570.30
2025.01.11	00:00:00	94573.10	94902.40	94529.20	94716.90
2025.01.11	01:00:00	94714.80	94854.40	94595.80	94663.00
2025.01.11	02:00:00	94663.00	94686.10	94293.00	94547.30
2025.01.11	03:00:00	94547.40	94640.40	94165.90	94378.90
2025.01.11	04:00:00	94382.10	94451.40	94125.80	94358.70
2025.01.11	05:00:00	94357.30	94378.90	94048.30	94155.70
2025.01.11	06:00:00	94150.90	94259.30	93790.00	94009.50
2025.01.11	07:00:00	94010.00	94325.90	93950.10	94305.20
2025.01.11	08:00:00	94303.80	94381.70	94149.50	94149.50
2025.01.11	09:00:00	94149.80	94281.30	94092.70	94189.70
2025.01.11	10:00:00	94197.80	94354.40	93987.50	94023.80
2025.01.11	11:00:00	94025.00	94287.40	93991.20	94283.50
2025.01.11	12:00:00	94287.40	94472.10	94247.50	94431.10
2025.01.11	13:00:00	94428.10	94735.00	94397.50	94557.90
2025.01.11	14:00:00	94559.20	94594.50	94466.50	94500.30
2025.01.11	15:00:00	94493.80	94553.80	94277.50	94326.60
2025.01.11	16:00:00	94329.30	94583.50	94249.60	94558.40
2025.01.11	17:00:00	94542.60	94598.80	94309.50	94353.10
2025.01.11	18:00:00	94375.40	94667.40	94244.10	94401.70
2025.01.11	19:00:00	94400.60	94400.60	93933.00	94103.90
2025.01.11	20:00:00	94094.90	94257.40	94059.30	94221.70
2025.01.11	21:00:00	94224.80	94286.40	94017.50	94193.90
2025.01.11	22:00:00	94198.00	94615.50	94141.60	94538.00
2025.01.11	23:00:00	94543.00	94969.40	94509.70	94879.00
2025.01.12	00:00:00	94886.00	94936.00	94509.50	94534.50
2025.01.12	01:00:00	94538.20	94699.40	94487.30	94542.10
2025.01.12	02:00:00	94549.90	94607.40	94371.80	94398.80
2025.01.12	03:00:00	94407.60	94541.10	94249.10	94527.60
2025.01.12	04:00:00	94514.20	94619.40	94419.10	94570.50
2025.01.12	05:00:00	94580.60	94649.30	94355.50	94573.50
2025.01.12	06:00:00	94577.80	94601.90	94438.60	94523.40
2025.01.12	07:00:00	94527.40	94574.90	94434.00	94506.50
2025.01.12	08:00:00	94507.50	94566.20	94302.80	94311.50
2025.01.12	09:00:00	94311.30	94397.20	94215.80	94277.40
2025.01.12	10:00:00	94272.70	94346.90	94056.70	94130.60
2025.01.12	11:00:00	94130.00	94184.40	93652.00	93846.50
2025.01.12	12:00:00	93843.30	94014.40	93770.50	93956.60
2025.01.12	13:00:00	93956.60	94296.90	93956.40	94199.50
2025.01.12	14:00:00	94194.50	94549.40	94115.50	94278.90
2025.01.12	15:00:00	94275.50	94682.00	94243.80	94608.70
2025.01.12	16:00:00	94609.40	94937.20	94609.40	94752.40
2025.01.12	17:00:00	94755.10	95420.80	94616.40	95023.10
2025.01.12	18:00:00	95023.20	95087.40	94748.10	94995.50
2025.01.12	19:00:00	94998.60	95219.40	94913.30	95088.50
2025.01.12	20:00:00	95076.20	95265.40	94854.10	94944.20
2025.01.12	21:00:00	94940.50	95009.30	94518.60	94612.50
2025.01.12	22:00:00	94618.00	94759.50	94549.20	94643.30
2025.01.12	23:00:00	94647.60	94683.30	94244.50	94296.90
2025.01.13	00:00:00	94287.50	94313.70	93720.10	93901.40
2025.01.13	01:00:00	93907.10	94515.00	93896.90	94483.40
2025.01.13	02:00:00	94487.40	95902.90	94389.90	95263.50
2025.01.13	03:00:00	95262.10	95347.40	94018.80	94164.10
2025.01.13	04:00:00	94159.90	94451.20	93839.50	94155.40
2025.01.13	05:00:00	94147.50	94362.40	93908.10	94202.90
2025.01.13	06:00:00	94201.40	94865.40	94135.30	94442.70
2025.01.13	07:00:00	94452.90	94493.30	94007.50	94116.60
2025.01.13	08:00:00	94123.40	94285.40	93215.90	93591.40
2025.01.13	09:00:00	93591.60	93903.20	93422.90	93545.30
2025.01.13	10:00:00	93544.40	93613.40	92847.80	92998.10
2025.01.13	11:00:00	93003.60	93151.60	92597.10	92790.10
2025.01.13	12:00:00	92788.20	92838.40	91331.50	91603.90
2025.01.13	13:00:00	91609.00	91742.70	90797.40	90809.30
2025.01.13	14:00:00	90818.10	91299.90	90252.30	90701.30
2025.01.13	15:00:00	90706.30	91743.40	90541.00	91081.10
2025.01.13	16:00:00	91081.90	92251.40	88992.70	91786.90
2025.01.13	17:00:00	91784.00	93038.60	91531.00	92085.30
2025.01.13	18:00:00	92092.20	92234.00	91207.80	91310.40
2025.01.13	19:00:00	91305.20	92261.80	91199.60	91932.30
2025.01.13	20:00:00	91926.40	92359.50	91542.50	92026.70
2025.01.13	21:00:00	92022.80	92488.10	91542.50	92261.70
2025.01.13	22:00:00	92257.40	93742.40	91856.80	93521.00
2025.01.13	23:00:00	93529.40	94421.10	93339.60	94148.20
2025.01.14	00:00:00	94157.50	94668.50	94089.10	94347.50
2025.01.14	01:00:00	94350.30	94568.60	94131.20	94473.40
2025.01.14	02:00:00	94472.80	94817.10	94293.80	94427.60
2025.01.14	03:00:00	94423.50	94994.15	94410.40	94787.40
2025.01.14	04:00:00	94780.40	95244.20	94690.60	94835.90
2025.01.14	05:00:00	94829.90	95062.00	94770.10	94808.10
2025.01.14	06:00:00	94812.30	95096.30	94774.50	95064.30
2025.01.14	07:00:00	95056.60	95420.30	94826.90	94873.80
2025.01.14	08:00:00	94876.70	94986.40	94700.30	94986.40
2025.01.14	09:00:00	94987.40	95120.50	94797.60	94806.10
2025.01.14	10:00:00	94812.30	95772.90	94810.90	95439.40
2025.01.14	11:00:00	95445.80	97339.40	95401.50	97117.40
2025.01.14	12:00:00	97117.50	97140.70	96528.80	96623.70
2025.01.14	13:00:00	96633.50	96647.40	96297.50	96495.80
2025.01.14	14:00:00	96496.20	96662.70	95935.10	95940.80
2025.01.14	15:00:00	95948.00	97235.50	95706.30	96282.80
2025.01.14	16:00:00	96286.60	97210.30	95966.70	96233.50
2025.01.14	17:00:00	96247.70	96926.40	96126.70	96404.20
2025.01.14	18:00:00	96402.40	96402.40	95300.20	95686.30
2025.01.14	19:00:00	95683.60	96485.90	95527.50	96468.70
2025.01.14	20:00:00	96457.40	96908.40	96227.80	96714.20
2025.01.14	21:00:00	96707.30	97032.20	96409.30	96491.30
2025.01.14	22:00:00	96481.80	96868.70	96087.60	96453.70
2025.01.14	23:00:00	96447.80	96632.50	96258.40	96434.80
2025.01.15	00:00:00	96437.40	96698.20	96394.50	96636.20
2025.01.15	01:00:00	96626.40	96729.40	96437.90	96500.10
2025.01.15	02:00:00	96502.40	97287.40	96437.70	96839.50
2025.01.15	03:00:00	96838.70	97517.30	96740.00	97293.60
2025.01.15	04:00:00	97289.60	97406.20	96689.80	96768.80
2025.01.15	05:00:00	96773.60	97284.60	96707.30	97276.20
2025.01.15	06:00:00	97281.90	97675.40	97021.10	97143.20
2025.01.15	07:00:00	97144.00	97197.70	96677.40	96976.60
2025.01.15	08:00:00	96982.70	97098.60	96790.16	97047.40
2025.01.15	09:00:00	97050.30	97536.60	97050.30	97241.20
2025.01.15	10:00:00	97241.40	97475.00	97102.50	97152.50
2025.01.15	11:00:00	97143.00	97313.00	96707.50	96764.50
2025.01.15	12:00:00	96758.30	97082.80	96659.10	96876.50
2025.01.15	13:00:00	96878.90	96887.40	96469.60	96712.90
2025.01.15	14:00:00	96708.20	97145.40	96487.50	96888.50
2025.01.15	15:00:00	96880.00	98983.90	96790.30	98903.60
2025.01.15	16:00:00	98889.20	99445.40	98559.60	99368.00
2025.01.15	17:00:00	99369.80	99727.20	98904.40	98930.80
2025.01.15	18:00:00	98931.10	99423.70	98818.30	98935.50
2025.01.15	19:00:00	98947.30	99268.30	98541.50	98583.90
2025.01.15	20:00:00	98587.40	99386.80	98587.40	99373.00
2025.01.15	21:00:00	99370.30	99987.50	99220.50	99794.90
2025.01.15	22:00:00	99800.30	100645.90	99402.50	99512.50
2025.01.15	23:00:00	99503.40	99797.40	99418.90	99608.10
2025.01.16	00:00:00	99621.40	99797.40	99496.50	99661.60
2025.01.16	01:00:00	99668.50	100470.40	99566.90	100447.50
2025.01.16	02:00:00	100447.50	100837.40	99599.60	99822.60
2025.01.16	03:00:00	99819.20	100154.20	99761.50	100032.40
2025.01.16	04:00:00	100030.60	100070.90	99417.60	99582.40
2025.01.16	05:00:00	99586.20	99797.60	99109.80	99436.50
2025.01.16	06:00:00	99426.30	99647.40	99426.30	99561.60
2025.01.16	07:00:00	99559.80	99570.30	99301.00	99332.50
2025.01.16	08:00:00	99335.40	99854.60	99271.70	99731.20
2025.01.16	09:00:00	99741.00	99787.20	99583.20	99749.90
2025.01.16	10:00:00	99743.90	99775.20	98555.75	98897.40
2025.01.16	11:00:00	98908.30	99265.40	98583.60	99093.50
2025.01.16	12:00:00	99093.60	99359.20	99054.00	99152.50
2025.01.16	13:00:00	99156.70	99287.40	98670.50	99094.50
2025.01.16	14:00:00	99091.10	99467.00	98827.50	99323.40
2025.01.16	15:00:00	99325.20	99364.80	98709.10	99018.10
2025.01.16	16:00:00	99015.80	99344.80	97452.70	97566.40
2025.01.16	17:00:00	97577.60	99257.70	97287.40	99245.70
2025.01.16	18:00:00	99234.10	99832.40	99011.70	99297.40
2025.01.16	19:00:00	99293.40	100311.40	99124.50	99769.10
2025.01.16	20:00:00	99757.30	100003.80	99189.70	99513.50
2025.01.16	21:00:00	99505.50	100412.60	99337.50	100369.50
2025.01.16	22:00:00	100369.50	100586.40	100207.90	100292.80
2025.01.16	23:00:00	100298.20	100323.20	99669.50	100088.60
2025.01.17	00:00:00	100087.00	100087.00	99323.50	99768.00
2025.01.17	01:00:00	99778.90	100050.00	99670.60	99924.90
2025.01.17	02:00:00	99924.90	100390.80	99889.50	100074.80
2025.01.17	03:00:00	100079.90	101827.70	99978.30	101623.70
2025.01.17	04:00:00	101625.50	102111.00	100714.00	101045.20
2025.01.17	05:00:00	101040.30	101213.10	100877.80	100990.30
2025.01.17	06:00:00	100987.50	101436.20	100887.50	101412.40
2025.01.17	07:00:00	101426.40	101717.50	101255.80	101286.50
2025.01.17	08:00:00	101292.30	101547.40	101247.90	101361.40
2025.01.17	09:00:00	101362.30	101830.90	101343.60	101398.20
2025.01.17	10:00:00	101387.50	102169.30	101387.50	102079.40
2025.01.17	11:00:00	102075.20	102237.30	101673.10	101788.00
2025.01.17	12:00:00	101791.90	102544.00	101725.20	102276.40
2025.01.17	13:00:00	102277.00	102399.30	102034.80	102169.10
2025.01.17	14:00:00	102177.40	102917.50	102128.80	102689.40
2025.01.17	15:00:00	102694.10	102923.60	102337.40	102407.00
2025.01.17	16:00:00	102411.50	103309.10	102203.20	103309.10
2025.01.17	17:00:00	103299.40	104186.30	103212.50	103926.90
2025.01.17	18:00:00	103937.40	104948.10	103760.10	104911.40
2025.01.17	19:00:00	104902.90	105217.40	103955.70	104055.80
2025.01.17	20:00:00	104067.20	104887.50	103965.00	104768.50
2025.01.17	21:00:00	104765.70	105768.70	104609.90	105758.40
2025.01.17	22:00:00	105764.40	105764.40	104487.60	104641.90
2025.01.17	23:00:00	104634.70	104991.60	104406.50	104552.10
2025.01.18	00:00:00	104561.40	104642.50	104145.80	104358.30
2025.01.18	01:00:00	104355.90	104478.50	104014.40	104030.00
2025.01.18	02:00:00	104030.00	104603.10	104023.70	104603.10
2025.01.18	03:00:00	104592.20	104592.20	104042.50	104215.20
2025.01.18	04:00:00	104221.40	104448.90	104193.20	104272.80
2025.01.18	05:00:00	104276.50	104419.80	103002.10	103525.70
2025.01.18	06:00:00	103515.10	103660.30	102614.70	103542.80
2025.01.18	07:00:00	103541.60	103718.10	102756.70	102766.10
2025.01.18	08:00:00	102762.60	103582.60	102757.80	103387.50
2025.01.18	09:00:00	103384.20	103444.10	102548.50	102774.40
2025.01.18	10:00:00	102765.80	103297.50	102231.50	103229.50
2025.01.18	11:00:00	103225.50	103413.40	103001.10	103110.40
2025.01.18	12:00:00	103117.10	103253.40	102789.20	103133.30
2025.01.18	13:00:00	103131.40	103841.20	102891.50	103534.50
2025.01.18	14:00:00	103534.50	103989.20	103326.30	103395.00
2025.01.18	15:00:00	103403.90	104362.00	103079.20	104314.80
2025.01.18	16:00:00	104318.20	104521.90	103673.00	103934.70
2025.01.18	17:00:00	103938.70	104949.40	103707.50	104504.60
2025.01.18	18:00:00	104501.90	104669.00	103100.20	103196.40
2025.01.18	19:00:00	103200.90	104172.70	103197.00	103782.00
2025.01.18	20:00:00	103766.70	104354.60	103730.30	104030.10
2025.01.18	21:00:00	104041.00	104448.90	104027.10	104337.40
2025.01.18	22:00:00	104344.30	104456.40	103737.50	103987.40
2025.01.18	23:00:00	103992.60	104227.70	103845.10	103845.10
2025.01.19	00:00:00	103841.30	104271.40	103820.80	104251.60
2025.01.19	01:00:00	104253.60	104699.10	104253.60	104495.40
2025.01.19	02:00:00	104511.80	104511.80	104067.50	104078.10
2025.01.19	03:00:00	104081.10	104644.50	103967.50	104440.00
2025.01.19	04:00:00	104441.30	105282.00	104439.90	104835.50
2025.01.19	05:00:00	104836.20	105150.60	104499.20	104945.70
2025.01.19	06:00:00	104956.70	105222.70	104629.40	104997.20
2025.01.19	07:00:00	104997.50	105097.50	104215.50	105082.70
2025.01.19	08:00:00	105077.80	105608.30	104989.50	105541.30
2025.01.19	09:00:00	105541.90	105561.60	104936.10	105139.30
2025.01.19	10:00:00	105139.20	105147.80	104298.20	104400.80
2025.01.19	11:00:00	104398.70	105445.80	103449.10	105278.30
2025.01.19	12:00:00	105279.40	105291.40	104377.40	104806.20
2025.01.19	13:00:00	104816.60	105335.50	104167.40	104336.10
2025.01.19	14:00:00	104345.30	105008.40	104273.20	104917.50
2025.01.19	15:00:00	104932.70	105311.40	104842.40	104933.50
2025.01.19	16:00:00	104934.20	105718.90	104750.90	105119.90
2025.01.19	17:00:00	105120.70	105209.10	104477.70	104933.50
2025.01.19	18:00:00	104921.90	105206.40	104691.60	104930.30
2025.01.19	19:00:00	104926.10	105165.30	104507.50	105116.50
2025.01.19	20:00:00	105102.80	105259.40	104876.50	105011.40
2025.01.19	21:00:00	104996.40	106241.80	104945.00	106235.40
2025.01.19	22:00:00	106230.10	106437.40	105487.60	106278.70
2025.01.19	23:00:00	106284.00	106379.00	103664.40	103679.80
2025.01.20	00:00:00	103669.30	104482.20	100988.70	103384.20
2025.01.20	01:00:00	103378.60	103378.60	99587.80	101295.50
2025.01.20	02:00:00	101299.00	101621.00	99489.90	99756.90
2025.01.20	03:00:00	99772.20	100951.40	99587.50	100650.70
2025.01.20	04:00:00	100656.80	102287.40	100547.30	101891.50
2025.01.20	05:00:00	101905.20	102187.40	101375.00	101863.50
2025.01.20	06:00:00	101854.90	102777.40	101508.30	102182.80
2025.01.20	07:00:00	102178.80	102802.40	102080.00	102317.40
2025.01.20	08:00:00	102327.40	109966.85	102194.60	107553.90
2025.01.20	09:00:00	107551.60	109481.50	106939.90	107171.90
2025.01.20	10:00:00	107157.20	108399.20	107127.30	108319.40
2025.01.20	11:00:00	108320.40	109207.50	107569.90	108150.70
2025.01.20	12:00:00	108154.90	108757.40	107787.80	107987.70
2025.01.20	13:00:00	107980.10	108565.60	107788.50	108255.00
2025.01.20	14:00:00	108272.05	108742.10	105495.70	106940.20
2025.01.20	15:00:00	106944.60	108158.90	106681.70	107976.10
2025.01.20	16:00:00	107981.60	108174.10	107317.70	107911.30
2025.01.20	17:00:00	107901.10	108037.40	104510.05	104978.20
2025.01.20	18:00:00	104988.80	107061.50	103701.90	106677.70
2025.01.20	19:00:00	106670.80	106771.00	100506.10	102913.40
2025.01.20	20:00:00	102920.70	104437.70	102682.30	103884.10
2025.01.20	21:00:00	103900.20	103940.00	102723.90	103661.70
2025.01.20	22:00:00	103651.10	104298.10	103317.60	103620.20
2025.01.20	23:00:00	103615.00	104047.40	102544.40	102577.10
2025.01.21	00:00:00	102569.30	103798.90	101816.80	103564.10
2025.01.21	01:00:00	103572.60	103658.40	101710.00	102235.10
2025.01.21	02:00:00	102235.10	102655.40	101088.50	101163.00
2025.01.21	03:00:00	101181.60	102212.30	100092.80	101484.30
2025.01.21	04:00:00	101482.00	102754.40	101040.20	102533.40
2025.01.21	05:00:00	102531.40	103257.00	102288.70	102910.20
2025.01.21	06:00:00	102911.70	102959.40	101913.80	102324.70
2025.01.21	07:00:00	102322.50	102503.30	101327.70	101351.90
2025.01.21	08:00:00	101354.70	102162.50	101100.00	102157.10
2025.01.21	09:00:00	102152.70	102450.40	101803.90	101968.20
2025.01.21	10:00:00	101962.20	102475.40	101714.80	102424.20
2025.01.21	11:00:00	102429.90	102874.00	102034.80	102669.30
2025.01.21	12:00:00	102665.10	103324.20	102540.20	103127.10
2025.01.21	13:00:00	103128.40	103937.40	103041.40	103712.50
2025.01.21	14:00:00	103712.50	104687.40	103573.20	104480.40
2025.01.21	15:00:00	104472.60	104945.30	104088.90	104415.80
2025.01.21	16:00:00	104415.90	105279.00	102997.90	103242.90
2025.01.21	17:00:00	103247.40	104073.00	102787.50	103916.60
2025.01.21	18:00:00	103913.40	106534.20	103770.50	104943.00
2025.01.21	19:00:00	104936.70	106368.60	104863.30	106133.90
2025.01.21	20:00:00	106133.80	107215.40	105848.00	106827.80
2025.01.21	21:00:00	106829.20	107110.00	106235.50	106977.40
2025.01.21	22:00:00	106982.45	107162.40	105889.50	106092.30
2025.01.21	23:00:00	106091.50	106768.40	105718.10	106726.20
2025.01.22	00:00:00	106721.00	106730.40	105928.50	105954.10
2025.01.22	01:00:00	105961.20	106244.60	105387.70	106101.90
2025.01.22	02:00:00	106105.00	106278.60	105757.70	105911.10
2025.01.22	03:00:00	105900.90	106372.00	105419.50	105771.50
2025.01.22	04:00:00	105768.20	106169.10	105520.90	105557.30
2025.01.22	05:00:00	105551.90	105880.80	105551.90	105575.60
2025.01.22	06:00:00	105568.50	105784.60	105245.50	105541.70
2025.01.22	07:00:00	105533.40	105842.60	105456.10	105655.60
2025.01.22	08:00:00	105658.80	105936.00	105142.60	105353.60
2025.01.22	09:00:00	105351.10	105655.40	105024.70	105051.20
2025.01.22	10:00:00	105051.60	105317.40	104663.00	105232.50
2025.01.22	11:00:00	105226.80	105240.30	104869.50	104959.60
2025.01.22	12:00:00	104967.00	105132.40	104603.25	105099.50
2025.01.22	13:00:00	105093.50	105431.80	104712.40	105071.20
2025.01.22	14:00:00	105071.30	105543.50	105018.30	105220.40
2025.01.22	15:00:00	105218.00	105314.90	103779.80	104034.90
2025.01.22	16:00:00	104040.10	104891.60	103605.40	104343.90
2025.01.22	17:00:00	104364.80	105113.80	103920.80	104125.50
2025.01.22	18:00:00	104126.60	104165.80	103275.60	103659.00
2025.01.22	19:00:00	103662.30	104551.10	103619.70	104288.60
2025.01.22	20:00:00	104292.80	104632.00	103693.80	103854.00
2025.01.22	21:00:00	103868.10	104708.40	103814.40	104587.40
2025.01.22	22:00:00	104564.00	104791.50	104018.50	104264.00
2025.01.22	23:00:00	104258.80	104318.70	103544.40	104033.40
2025.01.23	00:00:00	104021.30	104451.50	103717.50	103805.20
2025.01.23	01:00:00	103826.50	104093.40	103595.00	103652.40
2025.01.23	02:00:00	103652.40	103764.80	102996.10	103253.10
2025.01.23	03:00:00	103258.30	103610.20	102532.40	102889.90
2025.01.23	04:00:00	102898.50	102952.00	102076.20	102612.80
2025.01.23	05:00:00	102609.00	102957.90	102137.70	102404.50
2025.01.23	06:00:00	102405.30	102441.40	101537.90	102016.90
2025.01.23	07:00:00	102007.50	102599.90	101928.30	102496.30
2025.01.23	08:00:00	102506.40	102934.00	102171.70	102226.10
2025.01.23	09:00:00	102217.10	102740.40	102044.80	102655.80
2025.01.23	10:00:00	102655.40	102655.40	101997.80	102169.20
2025.01.23	11:00:00	102174.10	102428.30	101600.00	101623.30
2025.01.23	12:00:00	101628.90	102027.50	101201.00	101629.60
2025.01.23	13:00:00	101630.90	102137.40	101630.90	101896.70
2025.01.23	14:00:00	101897.70	102081.10	101365.80	101587.90
2025.01.23	15:00:00	101585.30	102675.00	101267.70	102460.40
2025.01.23	16:00:00	102457.50	105986.40	101931.50	105166.10
2025.01.23	17:00:00	105136.70	105741.00	102609.70	105207.40
2025.01.23	18:00:00	105218.10	106826.30	104997.50	105092.00
2025.01.23	19:00:00	105080.20	106185.30	104153.50	105871.40
2025.01.23	20:00:00	105879.90	106091.20	105027.50	105363.30
2025.01.23	21:00:00	105367.20	105443.00	103330.60	103714.30
2025.01.23	22:00:00	103708.90	106367.30	102514.10	103219.10
2025.01.23	23:00:00	103220.00	103348.20	102151.10	103014.10
2025.01.24	00:00:00	103017.70	104655.20	102914.70	103924.50
2025.01.24	01:00:00	103924.50	104472.70	103719.60	103851.50
2025.01.24	02:00:00	103851.50	104104.80	103361.40	103404.20
2025.01.24	03:00:00	103402.30	103832.40	103007.50	103172.20
2025.01.24	04:00:00	103167.60	103473.60	102892.60	102957.90
2025.01.24	05:00:00	102956.60	104251.50	102670.60	103830.10
2025.01.24	06:00:00	103817.20	104881.20	103733.00	104570.00
2025.01.24	07:00:00	104560.10	105225.80	104491.20	105166.90
2025.01.24	08:00:00	105168.50	105301.00	104569.80	104943.50
2025.01.24	09:00:00	104943.60	105139.40	104600.60	104986.40
2025.01.24	10:00:00	104987.30	105574.85	104863.20	105441.80
2025.01.24	11:00:00	105437.70	105715.10	105008.50	105093.40
2025.01.24	12:00:00	105093.30	105374.50	104994.00	105356.20
2025.01.24	13:00:00	105368.20	105476.80	105159.50	105361.50
2025.01.24	14:00:00	105366.80	105547.40	105121.20	105471.90
2025.01.24	15:00:00	105471.80	105732.40	104912.10	105060.60
2025.01.24	16:00:00	105056.00	106294.20	104614.50	105710.10
2025.01.24	17:00:00	105718.70	105950.30	105190.00	105803.80
2025.01.24	18:00:00	105808.70	106112.00	105523.60	105589.90
2025.01.24	19:00:00	105584.50	106642.40	105553.60	106401.60
2025.01.24	20:00:00	106397.90	107063.90	106025.70	106266.70
2025.01.24	21:00:00	106257.50	106547.40	105628.80	105714.10
2025.01.24	22:00:00	105707.50	105719.80	104668.60	104784.10
2025.01.24	23:00:00	104800.40	105328.40	104800.40	105055.60
2025.01.25	00:00:00	105061.50	105416.00	104645.10	104712.30
2025.01.25	01:00:00	104715.30	104870.10	104387.50	104797.20
2025.01.25	02:00:00	104795.50	104795.50	104297.50	104358.40
2025.01.25	03:00:00	104358.30	104767.20	104319.30	104677.50
2025.01.25	04:00:00	104673.70	104790.80	104400.60	104506.00
2025.01.25	05:00:00	104507.50	105220.50	104401.30	105136.60
2025.01.25	06:00:00	105139.30	105139.30	104552.40	104596.80
2025.01.25	07:00:00	104586.30	104639.80	104187.50	104303.20
2025.01.25	08:00:00	104297.20	104425.50	104176.20	104252.60
2025.01.25	09:00:00	104252.50	104466.60	104230.20	104336.80
2025.01.25	10:00:00	104333.50	104448.90	104064.50	104291.00
2025.01.25	11:00:00	104290.60	104397.00	104217.90	104311.40
2025.01.25	12:00:00	104308.10	104617.30	104032.10	104468.10
2025.01.25	13:00:00	104474.40	104637.90	104328.70	104614.30
2025.01.25	14:00:00	104622.80	104731.10	104387.60	104687.30
2025.01.25	15:00:00	104694.70	104802.40	104567.20	104646.10
2025.01.25	16:00:00	104657.50	104661.50	104403.30	104540.50
2025.01.25	17:00:00	104541.80	105049.30	104541.80	104839.90
2025.01.25	18:00:00	104848.90	104931.80	104528.30	104600.00
2025.01.25	19:00:00	104612.00	104870.00	104398.30	104837.50
2025.01.25	20:00:00	104833.80	105252.60	104775.50	104920.00
2025.01.25	21:00:00	104926.20	105127.40	104841.80	104997.60
2025.01.25	22:00:00	104993.00	105150.00	104897.80	104913.00
2025.01.25	23:00:00	104913.40	105084.00	104810.90	105048.90
2025.01.26	00:00:00	105063.60	105217.20	104945.40	105012.60
2025.01.26	01:00:00	105007.30	105072.60	104630.80	104687.10
2025.01.26	02:00:00	104689.40	104794.40	104457.50	104549.80
2025.01.26	03:00:00	104539.50	104725.20	104452.20	104560.50
2025.01.26	04:00:00	104568.60	104650.70	104459.30	104641.50
2025.01.26	05:00:00	104641.60	105218.80	104641.40	105029.10
2025.01.26	06:00:00	105026.60	105472.40	104931.40	105120.30
2025.01.26	07:00:00	105132.70	105158.90	104964.30	105044.00
2025.01.26	08:00:00	105054.00	105074.10	104910.50	104950.90
2025.01.26	09:00:00	104954.10	105060.40	104892.80	104951.20
2025.01.26	10:00:00	104947.10	105188.70	104815.50	104987.50
2025.01.26	11:00:00	104981.00	104992.40	104346.70	104567.50
2025.01.26	12:00:00	104564.50	104661.50	104428.90	104653.70
2025.01.26	13:00:00	104652.70	104788.30	104599.90	104767.60
2025.01.26	14:00:00	104760.30	104840.80	104636.30	104840.80
2025.01.26	15:00:00	104843.40	105007.30	104768.90	104899.60
2025.01.26	16:00:00	104899.70	104954.60	104737.50	104879.90
2025.01.26	17:00:00	104880.30	105030.20	104823.10	104907.40
2025.01.26	18:00:00	104908.00	104985.60	104837.60	104877.50
2025.01.26	19:00:00	104877.60	105015.20	104865.50	104892.60
2025.01.26	20:00:00	104893.10	105222.40	104858.30	105131.20
2025.01.26	21:00:00	105131.20	105198.20	104988.50	105033.40
2025.01.26	22:00:00	104999.70	105162.40	104871.00	104902.10
2025.01.26	23:00:00	104902.70	104943.40	104487.50	104487.50
2025.01.27	00:00:00	104484.50	104650.70	104227.40	104261.40
2025.01.27	01:00:00	104258.60	104258.60	102439.60	102557.20
2025.01.27	02:00:00	102547.50	103203.90	101501.40	101656.90
2025.01.27	03:00:00	101663.70	102007.40	101087.50	101231.50
2025.01.27	04:00:00	101227.10	101612.30	100764.50	100928.10
2025.01.27	05:00:00	100925.30	101803.90	100641.00	101336.60
2025.01.27	06:00:00	101336.70	101336.70	100199.50	100350.90
2025.01.27	07:00:00	100350.30	100675.60	99657.50	100320.60
2025.01.27	08:00:00	100301.10	100428.40	98647.90	98900.40
2025.01.27	09:00:00	98898.60	99339.90	97685.30	98983.80
2025.01.27	10:00:00	98976.10	99293.20	98626.50	98974.10
2025.01.27	11:00:00	98974.90	99481.00	98733.00	99353.00
2025.01.27	12:00:00	99348.10	99387.40	98223.70	98349.20
2025.01.27	13:00:00	98339.30	99303.10	98270.50	98687.50
2025.01.27	14:00:00	98688.30	100843.10	98653.80	100577.46
2025.01.27	15:00:00	100568.82	101622.21	99955.70	100421.90
2025.01.27	16:00:00	100421.90	102244.00	100041.00	101850.20
2025.01.27	17:00:00	101845.40	102048.90	100787.50	101058.20
2025.01.27	18:00:00	101058.40	101192.50	99508.50	99695.50
2025.01.27	19:00:00	99695.40	100006.80	99002.70	99107.60
2025.01.27	20:00:00	99112.60	99716.00	98808.10	99146.50
2025.01.27	21:00:00	99153.00	99900.00	99131.80	99647.80
2025.01.27	22:00:00	99644.20	101703.10	99537.90	101337.00
2025.01.27	23:00:00	101332.60	102384.80	100907.50	101293.20
2025.01.28	00:00:00	101309.30	101904.10	101205.10	101567.40
2025.01.28	01:00:00	101577.30	102110.40	101577.30	102008.70
2025.01.28	02:00:00	102008.70	102827.30	101715.60	101800.00
2025.01.28	03:00:00	101801.40	101936.40	101307.10	101307.10
2025.01.28	04:00:00	101302.30	102374.90	101256.50	102327.20
2025.01.28	05:00:00	102336.60	102825.60	101963.80	102570.10
2025.01.28	06:00:00	102582.40	103306.30	102532.50	102847.40
2025.01.28	07:00:00	102857.00	103274.30	102744.80	102956.50
2025.01.28	08:00:00	102958.30	103145.20	102557.10	102689.90
2025.01.28	09:00:00	102690.00	103263.70	102472.60	102740.40
2025.01.28	10:00:00	102741.70	102968.70	102543.60	102787.80
2025.01.28	11:00:00	102783.10	102916.10	102339.80	102912.60
2025.01.28	12:00:00	102904.60	103138.40	102542.20	102694.50
2025.01.28	13:00:00	102697.60	102882.30	102505.50	102705.30
2025.01.28	14:00:00	102713.50	102929.30	102400.85	102541.40
2025.01.28	15:00:00	102536.60	102882.00	102413.60	102537.20
2025.01.28	16:00:00	102538.30	102853.10	101758.00	102587.40
2025.01.28	17:00:00	102589.50	103769.55	102443.70	102724.20
2025.01.28	18:00:00	102718.00	102852.90	101837.50	102199.20
2025.01.28	19:00:00	102197.60	103051.80	102161.40	102512.70
2025.01.28	20:00:00	102514.40	103070.90	102111.40	102148.50
2025.01.28	21:00:00	102145.00	102611.40	101765.50	102361.40
2025.01.28	22:00:00	102356.20	102480.50	101182.70	101213.80
2025.01.28	23:00:00	101208.20	101475.60	100228.10	100286.20
2025.01.29	00:00:00	100281.00	101356.10	100222.50	101203.10
2025.01.29	01:00:00	101207.20	101385.40	100687.50	101267.10
2025.01.29	02:00:00	101267.10	101757.70	101257.30	101640.90
2025.01.29	03:00:00	101644.80	101947.80	101413.50	101791.50
2025.01.29	04:00:00	101795.00	102283.30	101639.20	101733.40
2025.01.29	05:00:00	101730.60	102105.70	101713.00	101981.50
2025.01.29	06:00:00	101980.10	102141.90	101900.30	101949.50
2025.01.29	07:00:00	101944.00	102334.50	101921.10	102205.70
2025.01.29	08:00:00	102219.00	102788.00	102176.60	102750.70
2025.01.29	09:00:00	102750.80	102755.50	102406.50	102710.70
2025.01.29	10:00:00	102713.50	102988.50	102631.60	102692.40
2025.01.29	11:00:00	102691.70	102732.20	102259.00	102283.40
2025.01.29	12:00:00	102287.50	102676.40	102141.30	102494.80
2025.01.29	13:00:00	102499.30	102766.80	102361.90	102582.20
2025.01.29	14:00:00	102597.10	102771.10	102147.40	102177.40
2025.01.29	15:00:00	102178.90	102279.00	101642.50	101791.40
2025.01.29	16:00:00	101771.00	102332.70	101516.80	101969.50
2025.01.29	17:00:00	101973.00	102461.70	101724.50	101921.70
2025.01.29	18:00:00	101908.55	102104.60	101620.90	102049.10
2025.01.29	19:00:00	102041.50	102735.70	101943.50	102350.00
2025.01.29	20:00:00	102356.30	102967.70	101935.50	102795.10
2025.01.29	21:00:00	102790.80	103975.50	101352.50	103538.40
2025.01.29	22:00:00	103523.30	104742.40	102781.20	104150.80
2025.01.29	23:00:00	104133.10	104340.10	103659.80	103669.10
2025.01.30	00:00:00	103676.00	103962.40	103338.30	103427.50
2025.01.30	01:00:00	103440.20	104290.40	103402.50	103685.60
2025.01.30	02:00:00	103685.60	104065.10	103216.60	103965.80
2025.01.30	03:00:00	103971.50	104513.40	103867.50	104209.30
2025.01.30	04:00:00	104214.90	104632.30	103935.50	104631.80
2025.01.30	05:00:00	104631.50	105266.70	104456.00	105143.10
2025.01.30	06:00:00	105128.70	105549.50	104795.80	105419.70
2025.01.30	07:00:00	105421.10	105465.30	104981.30	105325.40
2025.01.30	08:00:00	105326.10	105527.60	105102.50	105127.50
2025.01.30	09:00:00	105129.20	105289.20	104750.40	105077.80
2025.01.30	10:00:00	105087.50	105281.60	104866.90	104997.50
2025.01.30	11:00:00	105005.50	105490.10	104960.30	105352.90
2025.01.30	12:00:00	105349.90	105350.00	105048.60	105286.20
2025.01.30	13:00:00	105286.10	105344.50	105012.10	105239.40
2025.01.30	14:00:00	105239.40	105266.50	104807.50	104963.80
2025.01.30	15:00:00	104958.70	105316.30	104785.00	104822.40
2025.01.30	16:00:00	104822.20	106181.40	104594.70	105867.30
2025.01.30	17:00:00	105860.30	106393.60	105322.60	105506.80
2025.01.30	18:00:00	105507.30	105946.40	105389.80	105637.40
2025.01.30	19:00:00	105637.70	105637.70	104837.50	105227.50
2025.01.30	20:00:00	105234.90	105525.00	104693.20	105510.80
2025.01.30	21:00:00	105515.80	105715.80	105160.40	105647.30
2025.01.30	22:00:00	105659.40	105753.90	104757.90	104830.70
2025.01.30	23:00:00	104823.70	105153.00	104724.50	104983.80
2025.01.31	00:00:00	104976.80	105287.90	104910.60	105031.40
2025.01.31	01:00:00	105036.70	105196.60	104620.20	104664.40
2025.01.31	02:00:00	104664.40	104969.60	104343.60	104832.10
2025.01.31	03:00:00	104826.90	104857.00	104354.20	104680.80
2025.01.31	04:00:00	104675.70	104807.40	104203.50	104287.50
2025.01.31	05:00:00	104264.50	104333.50	103870.50	104274.10
2025.01.31	06:00:00	104273.50	104506.90	103913.90	103965.20
2025.01.31	07:00:00	103965.20	104437.40	103958.20	104262.20
2025.01.31	08:00:00	104257.80	104697.40	104238.10	104455.50
2025.01.31	09:00:00	104454.20	104763.80	103973.50	104145.30
2025.01.31	10:00:00	104150.45	104277.70	103971.70	103977.50
2025.01.31	11:00:00	103983.30	104286.20	103876.10	104209.40
2025.01.31	12:00:00	104207.60	104390.90	104025.50	104236.50
2025.01.31	13:00:00	104242.30	104806.50	104242.30	104666.70
2025.01.31	14:00:00	104674.70	104867.80	104507.50	104652.70
2025.01.31	15:00:00	104660.90	104977.00	104498.20	104618.20
2025.01.31	16:00:00	104609.60	104812.00	104040.40	104393.10
2025.01.31	17:00:00	104395.60	105987.40	104395.60	105394.40
2025.01.31	18:00:00	105392.10	105523.40	104647.80	105029.00
2025.01.31	19:00:00	105030.30	105038.60	104458.50	104526.30
2025.01.31	20:00:00	104531.40	104773.40	102553.10	102590.80
2025.01.31	21:00:00	102592.90	102966.40	102087.50	102264.20
2025.01.31	22:00:00	102249.90	102287.40	101553.50	101634.70
2025.01.31	23:00:00	101626.50	102097.70	101496.50	102084.20
2025.02.01	00:00:00	102086.20	102430.60	101855.20	102200.30
2025.02.01	01:00:00	102186.50	102377.90	101895.20	102367.20
2025.02.01	02:00:00	102367.20	102523.30	102147.80	102437.60
2025.02.01	03:00:00	102442.40	102709.00	102397.50	102508.60
2025.02.01	04:00:00	102508.00	102722.30	102320.50	102395.80
2025.02.01	05:00:00	102394.00	102452.20	102128.70	102191.30
2025.02.01	06:00:00	102189.00	102431.40	102062.30	102258.50
2025.02.01	07:00:00	102248.10	102530.40	102178.40	102432.40
2025.02.01	08:00:00	102432.30	102520.50	102119.60	102354.20
2025.02.01	09:00:00	102348.50	102432.30	102095.70	102113.80
2025.02.01	10:00:00	102107.50	102227.60	101777.30	101963.40
2025.02.01	11:00:00	101942.60	101964.80	101343.70	101626.40
2025.02.01	12:00:00	101626.50	101923.40	101569.40	101585.00
2025.02.01	13:00:00	101587.70	102007.40	101587.70	101967.50
2025.02.01	14:00:00	101967.40	102272.50	101943.90	102214.40
2025.02.01	15:00:00	102213.60	102232.00	101762.40	101820.80
2025.02.01	16:00:00	101821.30	102114.50	101757.50	101759.50
2025.02.01	17:00:00	101769.30	102125.00	101667.60	102019.00
2025.02.01	18:00:00	102019.10	102172.60	101814.50	101847.50
2025.02.01	19:00:00	101844.30	102233.20	101844.30	102203.10
2025.02.01	20:00:00	102207.40	102225.50	101912.60	101952.00
2025.02.01	21:00:00	101951.20	101977.40	101382.30	101607.50
2025.02.01	22:00:00	101603.00	101603.00	100897.45	101282.90
2025.02.01	23:00:00	101281.10	101528.80	100937.90	101137.30
2025.02.02	00:00:00	101137.40	101372.40	100426.40	100606.60
2025.02.02	01:00:00	100601.00	100832.90	100210.80	100629.60
2025.02.02	02:00:00	100591.00	101235.90	100446.60	101192.00
2025.02.02	03:00:00	101200.80	101413.40	101106.50	101194.60
2025.02.02	04:00:00	101203.00	101226.10	100358.10	100388.80
2025.02.02	05:00:00	100397.90	100713.10	99098.50	99147.80
2025.02.02	06:00:00	99139.40	99814.20	98976.50	99477.50
2025.02.02	07:00:00	99482.90	100287.40	99428.50	100199.40
2025.02.02	08:00:00	100194.40	100456.40	100045.90	100215.10
2025.02.02	09:00:00	100219.30	100219.40	99549.60	99570.40
2025.02.02	10:00:00	99553.00	100058.40	99275.80	99769.50
2025.02.02	11:00:00	99765.50	99807.30	99287.50	99629.80
2025.02.02	12:00:00	99622.50	99627.50	99187.50	99354.50
2025.02.02	13:00:00	99360.90	99538.00	98554.20	98799.00
2025.02.02	14:00:00	98787.50	99102.90	98087.50	98111.90
2025.02.02	15:00:00	98117.00	98776.70	98100.40	98737.50
2025.02.02	16:00:00	98736.60	99371.40	98647.50	99145.70
2025.02.02	17:00:00	99142.40	99352.90	98657.50	99286.00
2025.02.02	18:00:00	99288.15	99306.10	98035.40	98214.70
2025.02.02	19:00:00	98212.40	98537.45	96931.30	97188.90
2025.02.02	20:00:00	97191.40	97880.80	96767.40	97038.00
2025.02.02	21:00:00	97041.30	98653.40	96804.30	98219.50
2025.02.02	22:00:00	98220.00	98582.30	97605.70	97746.50
2025.02.02	23:00:00	97748.90	97932.50	96507.60	96986.20
2025.02.03	00:00:00	96993.60	97984.30	96042.25	97959.10
2025.02.03	01:00:00	97961.00	97961.60	96488.60	97651.90
2025.02.03	02:00:00	97651.90	97729.70	95370.95	96448.60
2025.02.03	03:00:00	96453.85	96859.20	91793.60	93367.10
2025.02.03	04:00:00	93392.00	94956.50	91145.65	93526.60
2025.02.03	05:00:00	93527.30	94631.30	93387.60	93983.40
2025.02.03	06:00:00	93990.00	94441.30	92602.00	92756.10
2025.02.03	07:00:00	92746.30	94228.20	92726.90	94155.60
2025.02.03	08:00:00	94152.50	94564.10	93600.70	93860.10
2025.02.03	09:00:00	93855.20	95360.50	93793.70	95258.50
2025.02.03	10:00:00	95258.30	95565.10	94793.50	95272.00
2025.02.03	11:00:00	95261.90	95874.50	95172.80	95212.60
2025.02.03	12:00:00	95221.00	95680.40	94757.40	95656.40
2025.02.03	13:00:00	95658.40	95663.40	94892.80	95058.30
2025.02.03	14:00:00	95063.60	95570.60	94718.50	94718.50
2025.02.03	15:00:00	94718.60	95344.40	94323.70	94602.90
2025.02.03	16:00:00	94606.00	96642.40	94099.10	96527.80
2025.02.03	17:00:00	96526.20	99422.70	96120.50	98790.20
2025.02.03	18:00:00	98787.50	98994.30	98108.00	98495.90
2025.02.03	19:00:00	98498.00	99262.50	97984.20	99132.20
2025.02.03	20:00:00	99137.70	99887.50	98874.90	99760.40
2025.02.03	21:00:00	99766.10	101819.40	99508.90	101819.40
2025.02.03	22:00:00	101810.40	101887.40	100934.20	101040.50
2025.02.03	23:00:00	101022.80	101906.20	100858.50	101731.20
2025.02.04	00:00:00	101730.70	102427.90	101428.90	101635.90
2025.02.04	01:00:00	101642.40	101772.70	101206.00	101281.10
2025.02.04	02:00:00	101281.10	101600.80	100988.50	101013.80
2025.02.04	03:00:00	101020.00	101654.80	100691.80	101327.80
2025.02.04	04:00:00	101332.40	101380.10	100756.30	100787.40
2025.02.04	05:00:00	100796.30	100987.40	100505.80	100584.60
2025.02.04	06:00:00	100582.20	100723.70	99939.20	99995.90
2025.02.04	07:00:00	99996.80	100041.60	98171.50	98796.30
2025.02.04	08:00:00	98810.40	99577.80	98761.70	99312.30
2025.02.04	09:00:00	99298.20	99423.40	98267.40	98389.10
2025.02.04	10:00:00	98392.60	98672.50	97780.30	98232.40
2025.02.04	11:00:00	98231.90	98758.70	98196.50	98295.10
2025.02.04	12:00:00	98294.50	98919.90	98289.10	98729.50
2025.02.04	13:00:00	98724.40	99374.40	98689.80	98911.50
2025.02.04	14:00:00	98913.20	99750.30	98913.20	99301.10
2025.02.04	15:00:00	99313.40	99495.40	98904.20	98955.00
2025.02.04	16:00:00	98954.30	100355.40	98524.10	99930.40
2025.02.04	17:00:00	99923.50	100172.20	98208.80	99292.00
2025.02.04	18:00:00	99302.35	99897.40	98987.50	99008.00
2025.02.04	19:00:00	99012.90	99575.60	98787.50	99131.20
2025.02.04	20:00:00	99127.50	99532.60	98735.50	99361.80
2025.02.04	21:00:00	99363.40	100730.70	98722.80	98812.50
2025.02.04	22:00:00	98805.40	99373.30	97902.60	98584.10
2025.02.04	23:00:00	98587.60	98599.10	96346.70	96444.00
2025.02.05	00:00:00	96438.50	97886.40	96087.50	97627.10
2025.02.05	01:00:00	97627.40	98148.10	97413.60	97697.40
2025.02.05	02:00:00	97701.20	98330.50	97643.60	98203.10
2025.02.05	03:00:00	98196.10	98890.90	97622.70	97796.50
2025.02.05	04:00:00	97785.90	98137.40	97068.10	97923.70
2025.02.05	05:00:00	97913.70	98261.20	97714.60	97983.70
2025.02.05	06:00:00	97981.00	98287.40	97847.50	97983.90
2025.02.05	07:00:00	97991.00	98270.70	97629.90	98093.90
2025.02.05	08:00:00	98093.10	98177.40	97505.60	97596.60
2025.02.05	09:00:00	97591.00	97918.80	97311.20	97802.30
2025.02.05	10:00:00	97798.30	97981.40	97508.90	97560.90
2025.02.05	11:00:00	97550.70	97900.50	97196.70	97355.70
2025.02.05	12:00:00	97353.00	97977.60	97315.00	97681.80
2025.02.05	13:00:00	97685.10	98165.30	97653.50	98149.20
2025.02.05	14:00:00	98162.90	98665.40	97949.60	98005.90
2025.02.05	15:00:00	97990.20	98639.20	97900.20	98536.20
2025.02.05	16:00:00	98514.30	99107.90	98062.10	98238.20
2025.02.05	17:00:00	98251.10	98517.10	97697.40	98049.70
2025.02.05	18:00:00	98047.90	98244.90	97269.00	97916.80
2025.02.05	19:00:00	97924.30	98207.40	97281.50	97493.70
2025.02.05	20:00:00	97491.20	97642.10	96445.50	96667.50
2025.02.05	21:00:00	96664.50	97454.80	96429.60	97310.00
2025.02.05	22:00:00	97319.50	97644.70	96812.40	97262.40
2025.02.05	23:00:00	97266.30	97483.00	96702.00	96871.60
2025.02.06	00:00:00	96852.50	97004.10	96207.60	96402.70
2025.02.06	01:00:00	96398.50	96805.90	96096.60	96556.20
2025.02.06	02:00:00	96540.70	96937.50	96361.50	96759.10
2025.02.06	03:00:00	96770.30	97169.60	96572.00	97103.50
2025.02.06	04:00:00	97101.30	97406.40	97028.50	97301.50
2025.02.06	05:00:00	97306.00	97447.00	97013.50	97293.10
2025.02.06	06:00:00	97301.90	97787.40	97212.20	97560.50
2025.02.06	07:00:00	97569.70	97824.50	97529.20	97760.70
2025.02.06	08:00:00	97764.00	98376.40	97637.10	98320.30
2025.02.06	09:00:00	98316.30	98316.30	97947.50	98152.40
2025.02.06	10:00:00	98141.60	98274.30	97867.50	98077.40
2025.02.06	11:00:00	98069.60	98680.10	98047.80	98553.90
2025.02.06	12:00:00	98556.80	99009.10	98556.80	98967.50
2025.02.06	13:00:00	98962.40	99074.70	98346.00	98813.70
2025.02.06	14:00:00	98816.20	99007.30	98239.80	98301.50
2025.02.06	15:00:00	98297.20	98729.00	98112.50	98550.90
2025.02.06	16:00:00	98557.40	98865.00	97733.10	97782.60
2025.02.06	17:00:00	97781.20	98012.30	96857.10	97271.50
2025.02.06	18:00:00	97278.20	97487.40	96333.60	96529.90
2025.02.06	19:00:00	96537.40	97134.60	96319.20	96650.20
2025.02.06	20:00:00	96655.40	96784.50	95822.05	96264.60
2025.02.06	21:00:00	96258.00	96858.70	95620.40	95938.50
2025.02.06	22:00:00	95925.70	97028.80	95723.70	96874.70
2025.02.06	23:00:00	96871.60	96893.20	96037.90	96767.40
2025.02.07	00:00:00	96771.70	96900.30	96110.60	96900.30
2025.02.07	01:00:00	96910.00	96910.00	96148.60	96502.50
2025.02.07	02:00:00	96502.50	96880.60	96347.90	96451.90
2025.02.07	03:00:00	96443.70	97787.50	96443.70	97338.30
2025.02.07	04:00:00	97338.60	97573.40	97008.80	97521.60
2025.02.07	05:00:00	97520.90	97710.10	97187.50	97397.60
2025.02.07	06:00:00	97405.00	97822.40	97327.90	97370.50
2025.02.07	07:00:00	97379.30	97487.40	97087.10	97286.50
2025.02.07	08:00:00	97295.40	97315.00	96527.40	96701.60
2025.02.07	09:00:00	96697.50	97169.20	96590.70	96692.50
2025.02.07	10:00:00	96694.30	97207.20	96553.80	96965.10
2025.02.07	11:00:00	96967.40	97334.40	96967.40	97227.30
2025.02.07	12:00:00	97228.40	97437.40	97186.60	97205.40
2025.02.07	13:00:00	97211.70	97704.00	97211.70	97693.50
2025.02.07	14:00:00	97691.30	97971.40	97444.60	97903.80
2025.02.07	15:00:00	97906.00	98803.00	97137.50	98769.90
2025.02.07	16:00:00	98775.40	100098.30	98626.50	99651.60
2025.02.07	17:00:00	99660.40	99660.40	97540.50	98234.70
2025.02.07	18:00:00	98239.50	98522.70	97612.60	97776.60
2025.02.07	19:00:00	97779.40	98117.50	97087.50	97365.50
2025.02.07	20:00:00	97365.60	98313.30	97236.10	97684.40
2025.02.07	21:00:00	97682.00	97772.20	96805.50	96827.50
2025.02.07	22:00:00	96832.80	96872.70	95551.30	95694.50
2025.02.07	23:00:00	95709.50	96093.40	95627.70	95944.30
2025.02.08	00:00:00	95951.50	96042.10	95571.30	96001.70
2025.02.08	01:00:00	95996.20	96465.90	95799.00	96442.00
2025.02.08	02:00:00	96442.00	96799.90	96277.50	96600.50
2025.02.08	03:00:00	96603.60	96720.70	96313.00	96466.60
2025.02.08	04:00:00	96469.30	96771.80	96347.50	96702.80
2025.02.08	05:00:00	96698.40	96836.00	96484.80	96647.50
2025.02.08	06:00:00	96645.50	96645.50	96159.80	96254.20
2025.02.08	07:00:00	96258.90	96310.40	95997.30	96152.40
2025.02.08	08:00:00	96146.80	96170.50	95826.10	95938.80
2025.02.08	09:00:00	95936.10	96237.30	95703.40	96140.80
2025.02.08	10:00:00	96140.90	96235.70	95824.80	95831.50
2025.02.08	11:00:00	95836.20	96144.80	95836.20	96110.70
2025.02.08	12:00:00	96111.70	96178.40	96064.50	96156.30
